"","Date","price"
"1",2015-01-01,36.1574665208333
"2",2015-01-02,35.8555399965278
"3",2015-01-03,35.0882105694444
"4",2015-01-04,37.7950654895833
"5",2015-01-05,51.5454835173611
"6",2015-01-06,29.0003388819444
"7",2015-01-07,28.6819163680556
"8",2015-01-08,35.0928230625
"9",2015-01-09,35.3289227291667
"10",2015-01-10,32.4589527118056
"11",2015-01-11,32.3933051597222
"12",2015-01-12,34.3602545104167
"13",2015-01-13,36.8204674722222
"14",2015-01-14,31.3259098541667
"15",2015-01-15,30.4782424409722
"16",2015-01-16,19.1860852743056
"17",2015-01-17,26.2810257708333
"18",2015-01-18,25.7075615694444
"19",2015-01-19,44.1596301805556
"20",2015-01-20,53.27426665625
"21",2015-01-21,30.4552736631944
"22",2015-01-22,31.4071161145833
"23",2015-01-23,38.8986102708333
"24",2015-01-24,44.4098422638889
"25",2015-01-25,41.2600853958333
"26",2015-01-26,49.86964265625
"27",2015-01-27,27.2354952291667
"28",2015-01-28,31.1530428819444
"29",2015-01-29,29.9308939236111
"30",2015-01-30,26.3589546319444
"31",2015-01-31,23.7974239895833
"32",2015-02-01,30.4046363645833
"33",2015-02-02,29.7323175763889
"34",2015-02-03,24.5031602673611
"35",2015-02-04,25.2396229027778
"36",2015-02-05,22.6063696979167
"37",2015-02-06,24.7809072118056
"38",2015-02-07,24.8720734097222
"39",2015-02-08,15.6040666666667
"40",2015-02-09,7.87716870486111
"41",2015-02-10,13.1613054583333
"42",2015-02-11,25.4324077881944
"43",2015-02-12,39.8242508854167
"44",2015-02-13,28.1753342083333
"45",2015-02-14,19.0085682083333
"46",2015-02-15,20.2179382951389
"47",2015-02-16,20.26600015625
"48",2015-02-17,25.06245425
"49",2015-02-18,34.4621402083333
"50",2015-02-19,29.9048051840278
"51",2015-02-20,75.8772542048611
"52",2015-02-21,37.9999756493056
"53",2015-02-22,33.9471250208333
"54",2015-02-23,30.9404813649123
"55",2015-02-24,22.5749417256944
"56",2015-02-25,17.3905742708333
"57",2015-02-26,20.7148223611111
"58",2015-02-27,40.9579920868056
"59",2015-02-28,36.8127473538462
"60",2015-03-01,68.6026784260563
"61",2015-03-02,43.7002749340278
"62",2015-03-03,20.1628961458333
"63",2015-03-04,24.2426252361111
"64",2015-03-05,25.3784241811847
"65",2015-03-06,25.0709416701389
"66",2015-03-07,25.9944999513889
"67",2015-03-08,14.4570411628788
"68",2015-03-09,25.2934580694444
"69",2015-03-10,27.4069067073171
"70",2015-03-11,45.5142067342657
"71",2015-03-12,31.6898834027778
"72",2015-03-13,56.2658376631944
"73",2015-03-14,38.8938470625
"74",2015-03-15,36.0932316284722
"75",2015-03-16,32.6134767881944
"76",2015-03-17,22.3671792526316
"77",2015-03-18,19.5310529027778
"78",2015-03-19,25.195742702509
"79",2015-03-20,25.7382763215548
"80",2015-03-21,18.7356166805556
"81",2015-03-22,-0.463133982638889
"82",2015-03-23,18.6073036145833
"83",2015-03-24,17.1037994895833
"84",2015-03-25,30.1685422797203
"85",2015-03-26,45.74018884375
"86",2015-03-27,24.8571438819444
"87",2015-03-28,15.2742376944444
"88",2015-03-29,25.3144993066202
"89",2015-03-30,25.3293727777778
"90",2015-03-31,32.5845056215278
"91",2015-04-01,26.7920247256944
"92",2015-04-02,15.1776247291667
"93",2015-04-03,22.4767449826389
"94",2015-04-04,21.1071093298611
"95",2015-04-05,0.782030958333334
"96",2015-04-06,43.5086007686833
"97",2015-04-07,25.9562723541667
"98",2015-04-08,17.4475418531469
"99",2015-04-09,30.9962151701389
"100",2015-04-10,34.4007422657343
"101",2015-04-11,10.4784106736111
"102",2015-04-12,27.5215911111111
"103",2015-04-13,49.4643692916667
"104",2015-04-14,26.1173345352113
"105",2015-04-15,32.4655077951389
"106",2015-04-16,28.6857933402778
"107",2015-04-17,22.9149797659574
"108",2015-04-18,19.83028815625
"109",2015-04-19,24.9566367083333
"110",2015-04-20,39.5680906503497
"111",2015-04-21,25.7534076126761
"112",2015-04-22,25.6512839758454
"113",2015-04-23,48.7040362116788
"114",2015-04-24,26.9838343021583
"115",2015-04-25,23.4128761510791
"116",2015-04-26,18.1905518345324
"117",2015-04-27,38.4350373021583
"118",2015-04-28,42.5223679823944
"119",2015-04-29,31.2578996770833
"120",2015-04-30,49.7200413506944
"121",2015-05-01,33.0686735470383
"122",2015-05-02,23.2815844097222
"123",2015-05-03,-1.30107675
"124",2015-05-04,26.1854031347518
"125",2015-05-05,8.9876924912892
"126",2015-05-06,17.1345611944444
"127",2015-05-07,47.5095145555556
"128",2015-05-08,32.8693083194444
"129",2015-05-09,-3.54514883333333
"130",2015-05-10,23.3779765972222
"131",2015-05-11,32.0663806354167
"132",2015-05-12,22.55093209375
"133",2015-05-13,38.0117211979167
"134",2015-05-14,55.4578212852113
"135",2015-05-15,17.5631410734266
"136",2015-05-16,31.0953332256944
"137",2015-05-17,43.7383317256944
"138",2015-05-18,7.53062705555556
"139",2015-05-19,17.4615702673611
"140",2015-05-20,31.950331
"141",2015-05-21,6.11272758333333
"142",2015-05-22,8.23661987152778
"143",2015-05-23,2.13034908333333
"144",2015-05-24,11.9327111666667
"145",2015-05-25,24.146550125
"146",2015-05-26,40.8076497222222
"147",2015-05-27,29.0867521979167
"148",2015-05-28,25.9674330798611
"149",2015-05-29,30.1052136142857
"150",2015-05-30,24.1185158636364
"151",2015-05-31,13.9988283125
"152",2015-06-01,22.0152805590278
"153",2015-06-02,14.4766821631944
"154",2015-06-03,14.2606484722222
"155",2015-06-04,14.0561771319444
"156",2015-06-05,28.8278735333333
"157",2015-06-06,29.8937302648084
"158",2015-06-07,54.6423367326389
"159",2015-06-08,142.163356300353
"160",2015-06-09,41.9476530696864
"161",2015-06-10,9.14028515972222
"162",2015-06-11,28.5288182922535
"163",2015-06-12,33.1549515972222
"164",2015-06-13,25.7846742604167
"165",2015-06-14,25.0351472013889
"166",2015-06-15,28.085660877193
"167",2015-06-16,28.6192076736111
"168",2015-06-17,33.7040576284722
"169",2015-06-18,43.3045476491228
"170",2015-06-19,29.05458165625
"171",2015-06-20,31.9290146909722
"172",2015-06-21,30.4017661319444
"173",2015-06-22,30.1821929444444
"174",2015-06-23,35.6096647604167
"175",2015-06-24,45.9188334131944
"176",2015-06-25,59.3391137638889
"177",2015-06-26,51.5537095416667
"178",2015-06-27,34.4667721180556
"179",2015-06-28,37.2201782881944
"180",2015-06-29,42.6883012118056
"181",2015-06-30,37.7527036341463
"182",2015-07-01,37.2453467986111
"183",2015-07-02,34.1475747570423
"184",2015-07-03,54.2322454131944
"185",2015-07-04,33.3895840069444
"186",2015-07-05,26.2870217430556
"187",2015-07-06,32.0408995104167
"188",2015-07-07,31.4873880833333
"189",2015-07-08,29.4902875886525
"190",2015-07-09,29.4406436805556
"191",2015-07-10,28.8284388888889
"192",2015-07-11,30.5669578611111
"193",2015-07-12,45.0262278159722
"194",2015-07-13,33.4449997361111
"195",2015-07-14,28.8315284055944
"196",2015-07-15,26.62349503125
"197",2015-07-16,28.9944806631944
"198",2015-07-17,35.7547359375
"199",2015-07-18,50.5578831388889
"200",2015-07-19,48.7768792842105
"201",2015-07-20,48.8777783819444
"202",2015-07-21,32.1993925277778
"203",2015-07-22,25.7322443811189
"204",2015-07-23,36.8779370176678
"205",2015-07-24,31.6262120034722
"206",2015-07-25,24.2432520520833
"207",2015-07-26,22.8133611473684
"208",2015-07-27,25.0304314236111
"209",2015-07-28,32.2148395416667
"210",2015-07-29,36.5230597673611
"211",2015-07-30,36.562022
"212",2015-07-31,33.5818610964286
"213",2015-08-01,35.0940090659722
"214",2015-08-02,30.5241535729167
"215",2015-08-03,26.7577303645833
"216",2015-08-04,28.7407749097222
"217",2015-08-05,34.7239464652778
"218",2015-08-06,33.0155577377622
"219",2015-08-07,28.5608901666667
"220",2015-08-08,23.841295375
"221",2015-08-09,29.6265350381944
"222",2015-08-10,34.7082496597222
"223",2015-08-11,36.4612584722222
"224",2015-08-12,37.4197391180556
"225",2015-08-13,36.619406584507
"226",2015-08-14,33.6363823020833
"227",2015-08-15,30.5053135868056
"228",2015-08-16,38.3699031631944
"229",2015-08-17,47.8363850210526
"230",2015-08-18,24.0100412578397
"231",2015-08-19,15.0589816736842
"232",2015-08-20,25.06216746875
"233",2015-08-21,34.6405902604167
"234",2015-08-22,27.0324358645833
"235",2015-08-23,28.6646785729167
"236",2015-08-24,36.4329578402778
"237",2015-08-25,57.7253490243056
"238",2015-08-26,32.2538419965035
"239",2015-08-27,35.6462681284722
"240",2015-08-28,84.4890214963235
"241",2015-08-29,39.0083302569444
"242",2015-08-30,24.9699316354167
"243",2015-08-31,29.9714810486111
"244",2015-09-01,31.1826644236111
"245",2015-09-02,28.5842389090909
"246",2015-09-03,30.8857597638889
"247",2015-09-04,27.7393300555556
"248",2015-09-05,37.2733333854167
"249",2015-09-06,31.9892173680556
"250",2015-09-07,35.5873116503496
"251",2015-09-08,50.7104160243056
"252",2015-09-09,52.3262590694444
"253",2015-09-10,35.1721854131944
"254",2015-09-11,32.0282122222222
"255",2015-09-12,49.6955910763889
"256",2015-09-13,36.6024234305556
"257",2015-09-14,30.8033032743056
"258",2015-09-15,29.8077250868056
"259",2015-09-16,24.3717321805556
"260",2015-09-17,21.8082207867133
"261",2015-09-18,33.59222934375
"262",2015-09-19,30.3888078090278
"263",2015-09-20,57.6421921180556
"264",2015-09-21,33.9436096284722
"265",2015-09-22,26.1651973854167
"266",2015-09-23,32.9725568854167
"267",2015-09-24,31.9854302951389
"268",2015-09-25,37.5869438877193
"269",2015-09-26,36.8794506805556
"270",2015-09-27,29.0718035868056
"271",2015-09-28,37.3178587604167
"272",2015-09-29,28.1253696631944
"273",2015-09-30,41.1892382048611
"274",2015-10-01,31.1138726215278
"275",2015-10-02,22.4312477743056
"276",2015-10-03,32.8988797777778
"277",2015-10-04,35.3587779201389
"278",2015-10-05,71.9396001527778
"279",2015-10-06,29.6141512256944
"280",2015-10-07,31.4938954652778
"281",2015-10-08,40.7628103090278
"282",2015-10-09,60.381813721831
"283",2015-10-10,50.6699240138889
"284",2015-10-11,53.5781352326389
"285",2015-10-12,38.2717837534722
"286",2015-10-13,87.65608290625
"287",2015-10-14,50.1730439791667
"288",2015-10-15,34.4126077395833
"289",2015-10-16,32.5796666431095
"290",2015-10-17,35.9500182048611
"291",2015-10-18,26.7037352916667
"292",2015-10-19,24.4369421319444
"293",2015-10-20,30.6937741319444
"294",2015-10-21,51.1546126875
"295",2015-10-22,27.6915673087719
"296",2015-10-23,28.5614723854167
"297",2015-10-24,26.6376279930556
"298",2015-10-25,34.9376928819444
"299",2015-10-26,27.0902039826389
"300",2015-10-27,29.7477609722222
"301",2015-10-28,29.4572485625
"302",2015-10-29,23.414520125
"303",2015-10-30,33.4614675018051
"304",2015-10-31,26.6244852673611
"305",2015-11-01,24.9176675416667
"306",2015-11-02,42.6741324826389
"307",2015-11-03,19.1261344583333
"308",2015-11-04,61.9950864548872
"309",2015-11-05,27.5417773958333
"310",2015-11-06,25.7639850729167
"311",2015-11-07,50.5501760839161
"312",2015-11-08,27.5234104097222
"313",2015-11-09,25.7601673356643
"314",2015-11-10,21.2550115087108
"315",2015-11-11,23.4151461319444
"316",2015-11-12,24.7169143645833
"317",2015-11-13,20.1753199614035
"318",2015-11-14,18.5949294756944
"319",2015-11-15,48.9787865122807
"320",2015-11-16,17.7341855111111
"321",2015-11-17,23.5234231215278
"322",2015-11-18,13.8654680486111
"323",2015-11-19,23.5344610590278
"324",2015-11-20,25.0678512361111
"325",2015-11-21,24.3637953020833
"326",2015-11-22,23.50644903125
"327",2015-11-23,28.3886159340278
"328",2015-11-24,24.8526698055556
"329",2015-11-25,24.5078344861111
"330",2015-11-26,25.1845041458333
"331",2015-11-27,26.7730801779661
"332",2015-11-28,24.0688693194444
"333",2015-11-29,23.777189125
"334",2015-11-30,34.0270541608392
"335",2015-12-01,31.0259128298611
"336",2015-12-02,29.4665025104167
"337",2015-12-03,30.8469519508772
"338",2015-12-04,25.867416375
"339",2015-12-05,30.9606818055556
"340",2015-12-06,32.7262667743056
"341",2015-12-07,22.3981057777778
"342",2015-12-08,26.9138724861111
"343",2015-12-09,24.9359732326389
"344",2015-12-10,26.3967429618056
"345",2015-12-11,26.7915442666667
"346",2015-12-12,25.9459862048611
"347",2015-12-13,22.5109300416667
"348",2015-12-14,22.5230261736111
"349",2015-12-15,22.8812469305556
"350",2015-12-16,24.3579276302817
"351",2015-12-17,22.0667412986111
"352",2015-12-18,22.6095162986111
"353",2015-12-19,24.2985977430556
"354",2015-12-20,22.13653009375
"355",2015-12-21,29.7601985763889
"356",2015-12-22,24.9924884652778
"357",2015-12-23,23.9195560451389
"358",2015-12-24,29.0681177708333
"359",2015-12-25,1.68259063888889
"360",2015-12-26,24.3457093680556
"361",2015-12-27,27.8099062326389
"362",2015-12-28,37.1826516805556
"363",2015-12-29,35.7416471872791
"364",2015-12-30,28.4649055590278
"365",2015-12-31,18.0242702673611
"366",2016-01-01,22.2648758576389
"367",2016-01-02,25.8768478541667
"368",2016-01-03,26.062172625
"369",2016-01-04,31.3958232421053
"370",2016-01-05,75.2256314479167
"371",2016-01-06,45.240838
"372",2016-01-07,30.4729225614035
"373",2016-01-08,29.7234161770833
"374",2016-01-09,29.37608109375
"375",2016-01-10,28.1497966527778
"376",2016-01-11,26.5953578923611
"377",2016-01-12,27.0799125972222
"378",2016-01-13,24.4815030243056
"379",2016-01-14,20.4559401805556
"380",2016-01-15,22.4580370173611
"381",2016-01-16,28.1997778645833
"382",2016-01-17,23.523687
"383",2016-01-18,24.7790987881944
"384",2016-01-19,38.3016527951389
"385",2016-01-20,33.1340172392857
"386",2016-01-21,19.6389553888889
"387",2016-01-22,20.9980535833333
"388",2016-01-23,15.3557200034722
"389",2016-01-24,8.74904633680556
"390",2016-01-25,24.9353787430556
"391",2016-01-26,21.0369097222222
"392",2016-01-27,23.4023825555556
"393",2016-01-28,20.5547426760563
"394",2016-01-29,20.9905326993007
"395",2016-01-30,17.3372347881944
"396",2016-01-31,67.7828132395833
"397",2016-02-01,45.6918353611111
"398",2016-02-02,30.5769801423611
"399",2016-02-03,21.7533722743056
"400",2016-02-04,21.2555486523298
"401",2016-02-05,21.4584479131944
"402",2016-02-06,20.2975842916667
"403",2016-02-07,23.5066096909722
"404",2016-02-08,20.4409876807018
"405",2016-02-09,23.0757595243056
"406",2016-02-10,18.4326050173611
"407",2016-02-11,18.1576832473868
"408",2016-02-12,19.0431994895105
"409",2016-02-13,15.5490346111111
"410",2016-02-14,12.2222656909722
"411",2016-02-15,18.6706388402778
"412",2016-02-16,21.8550127048611
"413",2016-02-17,20.9697708333333
"414",2016-02-18,14.93233278125
"415",2016-02-19,13.0728489825784
"416",2016-02-20,8.61593265972222
"417",2016-02-21,1.45017337847222
"418",2016-02-22,13.5803406666667
"419",2016-02-23,19.5623109508772
"420",2016-02-24,16.9012937298246
"421",2016-02-25,16.0813618472222
"422",2016-02-26,15.1057990175439
"423",2016-02-27,6.92834776041667
"424",2016-02-28,17.99886309375
"425",2016-02-29,26.8386571423611
"426",2016-03-01,11.8460572229965
"427",2016-03-02,12.5132515
"428",2016-03-03,59.5758658
"429",2016-03-04,15.4815789721254
"430",2016-03-05,99.3790458333333
"431",2016-03-06,6.67917307291667
"432",2016-03-07,19.6085222569444
"433",2016-03-08,13.6148919295775
"434",2016-03-09,18.2288708888889
"435",2016-03-10,15.7746369375
"436",2016-03-11,14.5803290696864
"437",2016-03-12,37.5095
"438",2016-03-13,26.8228292916667
"439",2016-03-14,28.0986839055944
"440",2016-03-15,10.7346028402778
"441",2016-03-16,29.7489779375
"442",2016-03-17,11.2530774964789
"443",2016-03-18,7.93306042013889
"444",2016-03-19,5.31995517013889
"445",2016-03-20,8.87907954861111
"446",2016-03-21,17.8880090348432
"447",2016-03-22,6.08249385971223
"448",2016-03-23,11.0826257804878
"449",2016-03-24,3.16968148239437
"450",2016-03-25,9.72733287847222
"451",2016-03-26,8.59420243402778
"452",2016-03-27,-1.295373125
"453",2016-03-28,23.0985028923611
"454",2016-03-29,19.9644996449275
"455",2016-03-30,16.7217597256944
"456",2016-03-31,10.3277010277778
"457",2016-04-01,16.2637339861111
"458",2016-04-02,18.1019477777778
"459",2016-04-03,31.4526836631944
"460",2016-04-04,1.37247371875
"461",2016-04-05,14.5761164628975
"462",2016-04-06,24.4554618090278
"463",2016-04-07,20.1822717007042
"464",2016-04-08,49.3203349826389
"465",2016-04-09,46.0262481666667
"466",2016-04-10,13.3940945034722
"467",2016-04-11,26.2716555729167
"468",2016-04-12,9.77970359191177
"469",2016-04-13,1.90907540625
"470",2016-04-14,26.8379850421053
"471",2016-04-15,34.95567121875
"472",2016-04-16,26.5784593819444
"473",2016-04-17,4.42249355208333
"474",2016-04-18,17.5974828958333
"475",2016-04-19,22.6375543578947
"476",2016-04-20,18.2173669756944
"477",2016-04-21,24.3112174618056
"478",2016-04-22,19.0360716979167
"479",2016-04-23,-5.57141421875
"480",2016-04-24,16.1138931527778
"481",2016-04-25,10.5705028020833
"482",2016-04-26,11.3028222526316
"483",2016-04-27,17.7572496794425
"484",2016-04-28,11.8374699166667
"485",2016-04-29,12.0548480416667
"486",2016-04-30,48.1723749652778
"487",2016-05-01,23.2019593680556
"488",2016-05-02,23.0291060763889
"489",2016-05-03,21.9123726736111
"490",2016-05-04,24.3153209513889
"491",2016-05-05,23.8486107534722
"492",2016-05-06,18.8336995314685
"493",2016-05-07,22.6209988541667
"494",2016-05-08,-10.8436412152778
"495",2016-05-09,-1.34351629166667
"496",2016-05-10,17.3290088020833
"497",2016-05-11,21.8296258715278
"498",2016-05-12,9.36639601736111
"499",2016-05-13,24.4959409187279
"500",2016-05-14,13.2577337291667
"501",2016-05-15,28.4545600486111
"502",2016-05-16,14.6996523496503
"503",2016-05-17,28.91657728125
"504",2016-05-18,20.4920862326389
"505",2016-05-19,9.54671183969466
"506",2016-05-20,35.7246489578947
"507",2016-05-21,14.0570416129032
"508",2016-05-22,7.78677824652778
"509",2016-05-23,9.60086690972222
"510",2016-05-24,22.4687199513889
"511",2016-05-25,14.9995970763889
"512",2016-05-26,11.5519922916667
"513",2016-05-27,18.9111043506944
"514",2016-05-28,21.2997399652778
"515",2016-05-29,16.1226103403509
"516",2016-05-30,19.7381174409722
"517",2016-05-31,19.7467965243056
"518",2016-06-01,27.2764070176678
"519",2016-06-02,50.0746967517482
"520",2016-06-03,29.8518826701389
"521",2016-06-04,24.0094922222222
"522",2016-06-05,13.7868272881944
"523",2016-06-06,18.5870428491228
"524",2016-06-07,23.2056845868056
"525",2016-06-08,51.5492559791667
"526",2016-06-09,21.7270583986014
"527",2016-06-10,69.9389149375
"528",2016-06-11,60.021912475
"529",2016-06-12,20.1552833020833
"530",2016-06-13,21.1903308478261
"531",2016-06-14,18.9596929233449
"532",2016-06-15,20.7158840659722
"533",2016-06-16,23.9649222676056
"534",2016-06-17,33.7680857743056
"535",2016-06-18,24.1421625694444
"536",2016-06-19,40.9600844634146
"537",2016-06-20,44.6235100035211
"538",2016-06-21,25.8399947395833
"539",2016-06-22,25.4042282951389
"540",2016-06-23,28.4065958566434
"541",2016-06-24,36.0348211354167
"542",2016-06-25,26.3038814861111
"543",2016-06-26,26.6581128368056
"544",2016-06-27,44.2875887881944
"545",2016-06-28,47.6498369513889
"546",2016-06-29,28.4228408146853
"547",2016-06-30,34.9115192996516
"548",2016-07-01,33.8551144583333
"549",2016-07-02,34.6710329756944
"550",2016-07-03,21.0844838854167
"551",2016-07-04,22.22628859375
"552",2016-07-05,25.5325223298246
"553",2016-07-06,25.9417171083916
"554",2016-07-07,29.0548449615385
"555",2016-07-08,30.8134731006944
"556",2016-07-09,88.4864511215278
"557",2016-07-10,37.2975448854167
"558",2016-07-11,24.9883948993056
"559",2016-07-12,23.4312703298611
"560",2016-07-13,40.9646391748252
"561",2016-07-14,28.1556528611111
"562",2016-07-15,45.4682516550523
"563",2016-07-16,24.5768450104167
"564",2016-07-17,26.4087446979167
"565",2016-07-18,24.4552006388889
"566",2016-07-19,29.7020938888889
"567",2016-07-20,49.2656847867133
"568",2016-07-21,33.7495786527778
"569",2016-07-22,33.2917725694444
"570",2016-07-23,33.7088413090278
"571",2016-07-24,38.788996875
"572",2016-07-25,39.0660673658537
"573",2016-07-26,41.5172488784722
"574",2016-07-27,39.2719898854167
"575",2016-07-28,35.1626628680556
"576",2016-07-29,37.1860228745645
"577",2016-07-30,37.9355101631944
"578",2016-07-31,29.2639461423611
"579",2016-08-01,38.0654107916667
"580",2016-08-02,29.6219671180556
"581",2016-08-03,31.7104158611111
"582",2016-08-04,30.1013557569444
"583",2016-08-05,28.8548214826389
"584",2016-08-06,25.9266917916667
"585",2016-08-07,30.4595847152778
"586",2016-08-08,32.7608028472222
"587",2016-08-09,49.8547919049296
"588",2016-08-10,32.0649743020833
"589",2016-08-11,40.6430829583333
"590",2016-08-12,35.6033063368056
"591",2016-08-13,36.0222494791667
"592",2016-08-14,43.3836649548611
"593",2016-08-15,36.4628683309609
"594",2016-08-16,39.9226071241135
"595",2016-08-17,35.5340353680556
"596",2016-08-18,54.0289810141343
"597",2016-08-19,37.8810712395833
"598",2016-08-20,29.8711931388889
"599",2016-08-21,29.3465172430556
"600",2016-08-22,32.1170154895833
"601",2016-08-23,28.8055624444444
"602",2016-08-24,29.5681181929825
"603",2016-08-25,30.5141411909722
"604",2016-08-26,27.4027422048611
"605",2016-08-27,20.7584267291667
"606",2016-08-28,22.9897092708333
"607",2016-08-29,31.2200962361111
"608",2016-08-30,30.6151241979167
"609",2016-08-31,54.7745604561403
"610",2016-09-01,30.8626261293706
"611",2016-09-02,47.0392481463415
"612",2016-09-03,25.2324796631944
"613",2016-09-04,16.2738457222222
"614",2016-09-05,20.9321746111111
"615",2016-09-06,34.8331484542254
"616",2016-09-07,38.9825792569444
"617",2016-09-08,29.6762883368056
"618",2016-09-09,31.8799483263889
"619",2016-09-10,28.6153291076389
"620",2016-09-11,21.3337120763889
"621",2016-09-12,25.0295846076389
"622",2016-09-13,28.3497150034722
"623",2016-09-14,23.4820739861111
"624",2016-09-15,25.6017864444444
"625",2016-09-16,27.3788528993056
"626",2016-09-17,24.7757227569444
"627",2016-09-18,25.2624733055556
"628",2016-09-19,75.7393677349823
"629",2016-09-20,42.0313998426573
"630",2016-09-21,37.7066138280702
"631",2016-09-22,21.1029308111888
"632",2016-09-23,14.6449881944444
"633",2016-09-24,36.7882561944444
"634",2016-09-25,30.1731924201389
"635",2016-09-26,57.1760138958333
"636",2016-09-27,35.9574826631944
"637",2016-09-28,33.5445105104167
"638",2016-09-29,36.1497284028269
"639",2016-09-30,32.8146778111111
"640",2016-10-01,48.5762957152778
"641",2016-10-02,28.9043568854167
"642",2016-10-03,40.0746883205575
"643",2016-10-04,23.2142843658537
"644",2016-10-05,23.9808339583333
"645",2016-10-06,25.9964395972222
"646",2016-10-07,28.5486258912281
"647",2016-10-08,32.0362681527778
"648",2016-10-09,24.8339861289199
"649",2016-10-10,33.8694081493056
"650",2016-10-11,27.9497403087719
"651",2016-10-12,27.5525262986111
"652",2016-10-13,67.8442963576389
"653",2016-10-14,40.8822368125
"654",2016-10-15,48.5285309791667
"655",2016-10-16,35.6049499722222
"656",2016-10-17,37.0508195694444
"657",2016-10-18,23.1127855473684
"658",2016-10-19,23.9763923472222
"659",2016-10-20,29.0055937902098
"660",2016-10-21,31.4025048715278
"661",2016-10-22,29.0788041944444
"662",2016-10-23,30.2300737465278
"663",2016-10-24,72.6714691324042
"664",2016-10-25,34.5388308843284
"665",2016-10-26,40.37723703125
"666",2016-10-27,56.3259581824561
"667",2016-10-28,38.9979069444444
"668",2016-10-29,27.1444136631944
"669",2016-10-30,41.8796239965278
"670",2016-10-31,12.1511021666667
"671",2016-11-01,30.3510901909722
"672",2016-11-02,32.8085395520833
"673",2016-11-03,21.3387196597222
"674",2016-11-04,20.4107494722222
"675",2016-11-05,20.5831895486111
"676",2016-11-06,65.2438943263889
"677",2016-11-07,78.0578614767025
"678",2016-11-08,49.4723419131944
"679",2016-11-09,50.6546498943662
"680",2016-11-10,30.6798494807018
"681",2016-11-11,25.7462937708333
"682",2016-11-12,18.959894875
"683",2016-11-13,26.98319315625
"684",2016-11-14,17.8438683958333
"685",2016-11-15,21.3145269295775
"686",2016-11-16,66.98021903125
"687",2016-11-17,54.9503396643357
"688",2016-11-18,24.0454738125
"689",2016-11-19,21.2828487604167
"690",2016-11-20,70.0618841458333
"691",2016-11-21,24.6919615769231
"692",2016-11-22,23.1847048426573
"693",2016-11-23,19.2500190833333
"694",2016-11-24,18.7182155243056
"695",2016-11-25,16.6956086597222
"696",2016-11-26,38.3595708472222
"697",2016-11-27,38.1602790763889
"698",2016-11-28,39.7296400035211
"699",2016-11-29,39.8870455302491
"700",2016-11-30,32.4168529964539
"701",2016-12-01,23.6442463846154
"702",2016-12-02,51.7859950590278
"703",2016-12-03,30.2326416006944
"704",2016-12-04,26.8269359166667
"705",2016-12-05,47.1586566805556
"706",2016-12-06,30.4671420833333
"707",2016-12-07,33.0772775694444
"708",2016-12-08,36.4149645868056
"709",2016-12-09,33.2961583819444
"710",2016-12-10,39.9505574479167
"711",2016-12-11,50.2769280763889
"712",2016-12-12,45.7441013391608
"713",2016-12-13,22.64331275
"714",2016-12-14,31.2301850277778
"715",2016-12-15,49.58268153125
"716",2016-12-16,43.4295148055556
"717",2016-12-17,22.4236971076389
"718",2016-12-18,27.9597349548611
"719",2016-12-19,31.5915952569444
"720",2016-12-20,30.2533814859155
"721",2016-12-21,77.4164981538461
"722",2016-12-22,30.0767121041667
"723",2016-12-23,32.4744366388889
"724",2016-12-24,24.2944663159722
"725",2016-12-25,29.446094625
"726",2016-12-26,24.6935596215278
"727",2016-12-27,19.1303734479167
"728",2016-12-28,23.4000656145833
"729",2016-12-29,27.5881197534722
"730",2016-12-30,45.5250921875
"731",2016-12-31,37.0667321811847
"732",2017-01-01,17.8186476944444
"733",2017-01-02,35.9387280138889
"734",2017-01-03,35.4668426979167
"735",2017-01-04,36.0099985839161
"736",2017-01-05,27.2401085694444
"737",2017-01-06,25.6644795173611
"738",2017-01-07,35.4795945972222
"739",2017-01-08,24.1808445
"740",2017-01-09,22.44123296875
"741",2017-01-10,19.3165994444444
"742",2017-01-11,16.7344337517483
"743",2017-01-12,31.2767151118881
"744",2017-01-13,30.1232016631944
"745",2017-01-14,31.6218364583333
"746",2017-01-15,30.1647994548611
"747",2017-01-16,26.0632767847222
"748",2017-01-17,32.2730784166667
"749",2017-01-18,26.8050545034722
"750",2017-01-19,48.5108592140351
"751",2017-01-20,42.0427542361111
"752",2017-01-21,14.1518047534722
"753",2017-01-22,32.1355543715278
"754",2017-01-23,41.78842225
"755",2017-01-24,30.5911658611111
"756",2017-01-25,22.3267842222222
"757",2017-01-26,28.1804291913357
"758",2017-01-27,21.0523700208333
"759",2017-01-28,18.6401261944444
"760",2017-01-29,20.8270224166667
"761",2017-01-30,32.2836793090278
"762",2017-01-31,20.8514518402778
"763",2017-02-01,25.3638967118056
"764",2017-02-02,26.1149026875
"765",2017-02-03,22.6047702743056
"766",2017-02-04,3.11850284375
"767",2017-02-05,36.76616046875
"768",2017-02-06,43.2566252978723
"769",2017-02-07,30.8857106958042
"770",2017-02-08,31.6856349409722
"771",2017-02-09,31.1320802395833
"772",2017-02-10,30.5493101986063
"773",2017-02-11,29.7040139027778
"774",2017-02-12,50.6892078854167
"775",2017-02-13,17.6990017083333
"776",2017-02-14,11.4499138368056
"777",2017-02-15,27.9888389496403
"778",2017-02-16,25.835823472028
"779",2017-02-17,34.7560298368056
"780",2017-02-18,14.3468962534722
"781",2017-02-19,2.66262844791667
"782",2017-02-20,35.2837927832168
"783",2017-02-21,29.2371550246479
"784",2017-02-22,21.9123617595819
"785",2017-02-23,-6.98406565972222
"786",2017-02-24,14.5713642951389
"787",2017-02-25,28.15930403125
"788",2017-02-26,15.8601513159722
"789",2017-02-27,30.9435900174825
"790",2017-02-28,8.12980807291667
"791",2017-03-01,15.0654458159722
"792",2017-03-02,16.7604337048611
"793",2017-03-03,28.6970744409722
"794",2017-03-04,13.5243593055556
"795",2017-03-05,28.8929800912281
"796",2017-03-06,18.3815901388889
"797",2017-03-07,24.8028250729167
"798",2017-03-08,16.1420987875458
"799",2017-03-09,25.9176089722222
"800",2017-03-10,21.4541792743056
"801",2017-03-11,9.78042084375
"802",2017-03-12,3.15203600380228
"803",2017-03-13,29.884919815331
"804",2017-03-14,23.4465165347222
"805",2017-03-15,12.9277633819444
"806",2017-03-16,11.9399227333333
"807",2017-03-17,46.812266174216
"808",2017-03-18,15.8641153298611
"809",2017-03-19,18.5153525208333
"810",2017-03-20,19.0768219305556
"811",2017-03-21,13.0185810972222
"812",2017-03-22,10.8842568631579
"813",2017-03-23,2.35694875694444
"814",2017-03-24,16.48528628125
"815",2017-03-25,4.08707463157895
"816",2017-03-26,15.3868087534722
"817",2017-03-27,9.65893220833333
"818",2017-03-28,9.50050371180556
"819",2017-03-29,23.4061721180556
"820",2017-03-30,4.72428609642857
"821",2017-03-31,6.61905030555556
"822",2017-04-01,6.018626875
"823",2017-04-02,13.1063691076389
"824",2017-04-03,10.7000692152778
"825",2017-04-04,33.8180590384615
"826",2017-04-05,34.3048422596491
"827",2017-04-06,76.8450169861111
"828",2017-04-07,54.0567274753521
"829",2017-04-08,9.93053875
"830",2017-04-09,23.9120601527778
"831",2017-04-10,19.346423122807
"832",2017-04-11,27.3126062986111
"833",2017-04-12,33.1491443867596
"834",2017-04-13,16.6309641805556
"835",2017-04-14,3.0058208409894
"836",2017-04-15,12.0377113125
"837",2017-04-16,43.1876787430556
"838",2017-04-17,42.1959362175439
"839",2017-04-18,21.5862898576512
"840",2017-04-19,12.4635679513889
"841",2017-04-20,12.6828185416667
"842",2017-04-21,14.7531469618056
"843",2017-04-22,13.6275221527778
"844",2017-04-23,18.1373139270833
"845",2017-04-24,26.5355342190813
"846",2017-04-25,7.90853751041667
"847",2017-04-26,50.2789788125
"848",2017-04-27,24.9361072711268
"849",2017-04-28,18.66127046875
"850",2017-04-29,45.1177758645833
"851",2017-04-30,12.1352875798611
"852",2017-05-01,27.6310658090278
"853",2017-05-02,27.5212343263889
"854",2017-05-03,64.6845172412587
"855",2017-05-04,49.3480704826389
"856",2017-05-05,46.3147291493056
"857",2017-05-06,19.7774866006944
"858",2017-05-07,24.5528345
"859",2017-05-08,40.3163499305556
"860",2017-05-09,47.2131353819444
"861",2017-05-10,17.3799749097222
"862",2017-05-11,23.0988141319444
"863",2017-05-12,22.2864877395833
"864",2017-05-13,4.60357159722222
"865",2017-05-14,2.47044587152778
"866",2017-05-15,16.89684178125
"867",2017-05-16,10.74189265625
"868",2017-05-17,24.5003399548611
"869",2017-05-18,26.2376535921986
"870",2017-05-19,26.2792449652778
"871",2017-05-20,29.8124426041667
"872",2017-05-21,21.2227517118056
"873",2017-05-22,22.370490625
"874",2017-05-23,22.4151741875
"875",2017-05-24,94.3426960451389
"876",2017-05-25,19.2106167307692
"877",2017-05-26,15.5857558854167
"878",2017-05-27,7.72541528125
"879",2017-05-28,12.4470474270833
"880",2017-05-29,14.9393829861111
"881",2017-05-30,19.7011291215278
"882",2017-05-31,48.9872122743056
"883",2017-06-01,15.3240639131944
"884",2017-06-02,26.0729415902778
"885",2017-06-03,28.8318435590278
"886",2017-06-04,27.2760204409722
"887",2017-06-05,18.7189339861111
"888",2017-06-06,24.0616490694444
"889",2017-06-07,25.6549517847222
"890",2017-06-08,18.4940523993056
"891",2017-06-09,17.7698309340278
"892",2017-06-10,5.79725800347222
"893",2017-06-11,34.3376501284722
"894",2017-06-12,7.6875006245614
"895",2017-06-13,19.8405946909722
"896",2017-06-14,29.0547114548611
"897",2017-06-15,30.7095451028369
"898",2017-06-16,39.2638555673759
"899",2017-06-17,30.2300492256944
"900",2017-06-18,33.1015979826389
"901",2017-06-19,47.0457330347222
"902",2017-06-20,60.2757196979167
"903",2017-06-21,53.6657510277778
"904",2017-06-22,32.2744982673611
"905",2017-06-23,26.3110149087719
"906",2017-06-24,30.5201341111111
"907",2017-06-25,25.55354684375
"908",2017-06-26,26.1173904236111
"909",2017-06-27,29.2847423645833
"910",2017-06-28,17.0284126006944
"911",2017-06-29,18.4923381398601
"912",2017-06-30,20.5537723055556
"913",2017-07-01,19.4722216631944
"914",2017-07-02,27.9301540347222
"915",2017-07-03,41.0096109305556
"916",2017-07-04,32.71620290625
"917",2017-07-05,48.2930413888889
"918",2017-07-06,33.5730905902778
"919",2017-07-07,134.222321517483
"920",2017-07-08,42.1565105277778
"921",2017-07-09,74.85509071875
"922",2017-07-10,44.4936569824561
"923",2017-07-11,26.4279707152778
"924",2017-07-12,36.590391443662
"925",2017-07-13,29.8280969562044
"926",2017-07-14,27.5528705138889
"927",2017-07-15,31.5018861666667
"928",2017-07-16,25.95639378125
"929",2017-07-17,40.3545841707317
"930",2017-07-18,33.9451932701754
"931",2017-07-19,45.6994206947368
"932",2017-07-20,29.6198882097902
"933",2017-07-21,43.0083933715278
"934",2017-07-22,57.1974472986111
"935",2017-07-23,104.866623663194
"936",2017-07-24,28.9140090208333
"937",2017-07-25,30.3945172916667
"938",2017-07-26,29.0033253923611
"939",2017-07-27,29.3538975590278
"940",2017-07-28,29.4979743576389
"941",2017-07-29,28.1378245520833
"942",2017-07-30,35.6706000972222
"943",2017-07-31,30.1533344097222
"944",2017-08-01,37.5462169895833
"945",2017-08-02,45.5187711080139
"946",2017-08-03,61.659282979021
"947",2017-08-04,33.1653976515679
"948",2017-08-05,22.1990422430556
"949",2017-08-06,26.2142900416667
"950",2017-08-07,40.4110073238434
"951",2017-08-08,29.4255989861111
"952",2017-08-09,33.2740208506944
"953",2017-08-10,33.0802018958333
"954",2017-08-11,44.9117663298611
"955",2017-08-12,25.6153642951389
"956",2017-08-13,20.7908792326389
"957",2017-08-14,59.096590979021
"958",2017-08-15,38.4215543402778
"959",2017-08-16,39.8477409965278
"960",2017-08-17,36.7542129430605
"961",2017-08-18,35.1554398229167
"962",2017-08-19,30.8081291713287
"963",2017-08-20,48.5203798402778
"964",2017-08-21,33.5670936041667
"965",2017-08-22,33.5103879895833
"966",2017-08-23,32.3535537604167
"967",2017-08-24,36.7904254787234
"968",2017-08-25,68.8844982291667
"969",2017-08-26,50.3387905763889
"970",2017-08-27,40.7736369270833
"971",2017-08-28,126.587449680556
"972",2017-08-29,69.9616007534722
"973",2017-08-30,38.2457753958333
"974",2017-08-31,49.7108616319444
"975",2017-09-01,77.5337320451389
"976",2017-09-02,95.1099139438597
"977",2017-09-03,52.3281049027778
"978",2017-09-04,31.9908878298611
"979",2017-09-05,49.0065858055556
"980",2017-09-06,36.5031536597222
"981",2017-09-07,34.5362949236111
"982",2017-09-08,40.7190944756944
"983",2017-09-09,49.8994930034722
"984",2017-09-10,30.2780073229167
"985",2017-09-11,65.642552358885
"986",2017-09-12,30.6565890210526
"987",2017-09-13,24.4620489409722
"988",2017-09-14,17.3826999861111
"989",2017-09-15,18.5601345659722
"990",2017-09-16,28.1102748611111
"991",2017-09-17,21.9448754375
"992",2017-09-18,22.4193213958333
"993",2017-09-19,18.8798796631944
"994",2017-09-20,26.6790463923611
"995",2017-09-21,38.8087645208333
"996",2017-09-22,17.0881203263889
"997",2017-09-23,15.3400418958333
"998",2017-09-24,20.5734673402778
"999",2017-09-25,36.2529852951389
"1000",2017-09-26,26.8171593859649
"1001",2017-09-27,28.6942303993056
"1002",2017-09-28,27.1731784440559
"1003",2017-09-29,28.0791714722222
"1004",2017-09-30,19.4286666805556
"1005",2017-10-01,17.4683730874126
"1006",2017-10-02,28.3713736909722
"1007",2017-10-03,20.4818230034843
"1008",2017-10-04,48.0802084947735
"1009",2017-10-05,31.2941093402778
"1010",2017-10-06,29.1469556284722
"1011",2017-10-07,26.1509685659722
"1012",2017-10-08,21.3991604895833
"1013",2017-10-09,41.9500067062937
"1014",2017-10-10,28.2593605644599
"1015",2017-10-11,28.1642093368056
"1016",2017-10-12,34.9094386319444
"1017",2017-10-13,33.3591500277778
"1018",2017-10-14,35.6681157881944
"1019",2017-10-15,27.4840526701389
"1020",2017-10-16,45.0238059300699
"1021",2017-10-17,33.4493843576389
"1022",2017-10-18,58.6560514225352
"1023",2017-10-19,32.2013571701389
"1024",2017-10-20,29.9717429131944
"1025",2017-10-21,36.0347892569444
"1026",2017-10-22,23.0188323680556
"1027",2017-10-23,73.729832528169
"1028",2017-10-24,133.033419942446
"1029",2017-10-25,49.4790486561403
"1030",2017-10-26,33.6791086944444
"1031",2017-10-27,31.8895264201389
"1032",2017-10-28,30.638886625
"1033",2017-10-29,26.7429051909722
"1034",2017-10-30,32.7099552083333
"1035",2017-10-31,42.0839048286713
"1036",2017-11-01,39.2851386458333
"1037",2017-11-02,32.5386004236111
"1038",2017-11-03,33.9876762361111
"1039",2017-11-04,28.8777278854167
"1040",2017-11-05,33.17741240625
"1041",2017-11-06,53.889927625
"1042",2017-11-07,74.2793507048611
"1043",2017-11-08,30.2372006319444
"1044",2017-11-09,27.1075494965278
"1045",2017-11-10,24.1859381284722
"1046",2017-11-11,23.324634375
"1047",2017-11-12,34.4458504756944
"1048",2017-11-13,29.7681874340278
"1049",2017-11-14,22.0319235590278
"1050",2017-11-15,40.3692226631944
"1051",2017-11-16,58.7466607836879
"1052",2017-11-17,33.1513681643357
"1053",2017-11-18,32.3629446666667
"1054",2017-11-19,26.4113155069444
"1055",2017-11-20,27.5155390992908
"1056",2017-11-21,31.1507929722222
"1057",2017-11-22,30.8371281423611
"1058",2017-11-23,26.3043135659722
"1059",2017-11-24,20.9550147465278
"1060",2017-11-25,29.7600218680556
"1061",2017-11-26,25.7611858784722
"1062",2017-11-27,36.7702007951389
"1063",2017-11-28,37.0353939131944
"1064",2017-11-29,34.6295952682927
"1065",2017-11-30,52.4119877256944
"1066",2017-12-01,31.7775149375
"1067",2017-12-02,52.4880556111111
"1068",2017-12-03,24.5748072996516
"1069",2017-12-04,30.0280497986111
"1070",2017-12-05,34.7499626319444
"1071",2017-12-06,35.0018538392857
"1072",2017-12-07,38.8526240561403
"1073",2017-12-08,43.6048745574913
"1074",2017-12-09,29.6563053402778
"1075",2017-12-10,32.93827896875
"1076",2017-12-11,44.5109501272085
"1077",2017-12-12,40.9115066180556
"1078",2017-12-13,33.1959393263889
"1079",2017-12-14,39.5733193298611
"1080",2017-12-15,32.0724728989547
"1081",2017-12-16,38.9574305833333
"1082",2017-12-17,30.3080537986111
"1083",2017-12-18,38.3010959444444
"1084",2017-12-19,36.6330730278746
"1085",2017-12-20,61.2020982222222
"1086",2017-12-21,31.0056937624113
"1087",2017-12-22,31.3916428356643
"1088",2017-12-23,37.9464575451389
"1089",2017-12-24,27.8344072361111
"1090",2017-12-25,31.0668783923611
"1091",2017-12-26,30.4083360104167
"1092",2017-12-27,33.4952841701389
"1093",2017-12-28,28.7359373263889
"1094",2017-12-29,27.6164122847222
"1095",2017-12-30,28.1180749930556
"1096",2017-12-31,31.4317370590278
"1097",2018-01-01,35.0278546631944
"1098",2018-01-02,33.40152090625
"1099",2018-01-03,70.5737121736111
"1100",2018-01-04,39.3740575684211
"1101",2018-01-05,50.1581015694444
"1102",2018-01-06,25.1481878819444
"1103",2018-01-07,29.92324284375
"1104",2018-01-08,41.416836
"1105",2018-01-09,25.7915888368056
"1106",2018-01-10,23.6372583159722
"1107",2018-01-11,28.8690471223776
"1108",2018-01-12,25.6456572326389
"1109",2018-01-13,42.1206547951389
"1110",2018-01-14,26.03444075
"1111",2018-01-15,38.4298067743056
"1112",2018-01-16,31.0331833368056
"1113",2018-01-17,31.5600945590278
"1114",2018-01-18,30.9881616527778
"1115",2018-01-19,21.8238817569444
"1116",2018-01-20,30.2543638541667
"1117",2018-01-21,30.1490561388889
"1118",2018-01-22,36.0341908055556
"1119",2018-01-23,27.7018432152778
"1120",2018-01-24,30.9558476944444
"1121",2018-01-25,30.1537770486111
"1122",2018-01-26,27.4560759756944
"1123",2018-01-27,25.6608232986111
"1124",2018-01-28,21.9838411597222
"1125",2018-01-29,31.9207926713287
"1126",2018-01-30,35.5904685649123
"1127",2018-01-31,29.4838584340278
"1128",2018-02-01,25.9825434548611
"1129",2018-02-02,27.2090603506944
"1130",2018-02-03,19.3063131666667
"1131",2018-02-04,20.7174544756944
"1132",2018-02-05,29.9947505993031
"1133",2018-02-06,19.7204939027778
"1134",2018-02-07,20.8124826458333
"1135",2018-02-08,24.7993434305556
"1136",2018-02-09,23.9401058923611
"1137",2018-02-10,27.4266742673611
"1138",2018-02-11,44.9053127534722
"1139",2018-02-12,69.6218056423611
"1140",2018-02-13,43.3171343541667
"1141",2018-02-14,52.2802406043165
"1142",2018-02-15,27.3565487605634
"1143",2018-02-16,43.8575162708333
"1144",2018-02-17,83.3796910694444
"1145",2018-02-18,26.5362620347222
"1146",2018-02-19,53.9128667256944
"1147",2018-02-20,43.9219292152778
"1148",2018-02-21,37.9400923402778
"1149",2018-02-22,37.4938536202091
"1150",2018-02-23,105.615469909722
"1151",2018-02-24,37.4081509930556
"1152",2018-02-25,22.5599607777778
"1153",2018-02-26,24.6528315277778
"1154",2018-02-27,24.7379657202797
"1155",2018-02-28,24.75017896875
"1156",2018-03-01,62.6059196388889
"1157",2018-03-02,26.8350574201389
"1158",2018-03-03,34.2378214166667
"1159",2018-03-04,20.6689510138889
"1160",2018-03-05,43.0873389059233
"1161",2018-03-06,27.2420590451389
"1162",2018-03-07,81.5885369861111
"1163",2018-03-08,20.9380194930556
"1164",2018-03-09,22.58600765625
"1165",2018-03-10,48.7733231770833
"1166",2018-03-11,79.5419801931818
"1167",2018-03-12,26.569804520979
"1168",2018-03-13,32.1899258781362
"1169",2018-03-14,24.9305017881944
"1170",2018-03-15,35.8727638175439
"1171",2018-03-16,25.79841646875
"1172",2018-03-17,39.028514375
"1173",2018-03-18,22.7567561979167
"1174",2018-03-19,19.2187927256944
"1175",2018-03-20,41.8785226180556
"1176",2018-03-21,61.9543821041667
"1177",2018-03-22,23.1540387152778
"1178",2018-03-23,10.01558340625
"1179",2018-03-24,18.7220913541667
"1180",2018-03-25,9.09664345138889
"1181",2018-03-26,7.42602529513889
"1182",2018-03-27,12.2408842777778
"1183",2018-03-28,13.4958518885017
"1184",2018-03-29,19.3834049340278
"1185",2018-03-30,34.4504327118056
"1186",2018-03-31,38.9746783680556
"1187",2018-04-01,21.5714892708333
"1188",2018-04-02,40.99955890625
"1189",2018-04-03,30.1393409717314
"1190",2018-04-04,23.4082653029197
"1191",2018-04-05,31.9177172253521
"1192",2018-04-06,61.1966278576389
"1193",2018-04-07,35.614288641115
"1194",2018-04-08,9.38252826829268
"1195",2018-04-09,43.7574358333333
"1196",2018-04-10,30.3307267465278
"1197",2018-04-11,61.3669687291667
"1198",2018-04-12,25.0403878819444
"1199",2018-04-13,14.3427958461538
"1200",2018-04-14,25.9174211111111
"1201",2018-04-15,24.4342251637631
"1202",2018-04-16,21.6349538888889
"1203",2018-04-17,16.7914480141844
"1204",2018-04-18,20.3874120972222
"1205",2018-04-19,16.4137241458333
"1206",2018-04-20,9.71154971180555
"1207",2018-04-21,14.2354047152778
"1208",2018-04-22,18.7555106701389
"1209",2018-04-23,18.1571519409722
"1210",2018-04-24,14.1113270034965
"1211",2018-04-25,14.3096403923611
"1212",2018-04-26,17.5030264722222
"1213",2018-04-27,13.3823691527778
"1214",2018-04-28,6.73034734027778
"1215",2018-04-29,8.42427255319149
"1216",2018-04-30,30.2899128908451
"1217",2018-05-01,18.6108481428571
"1218",2018-05-02,19.7891981215278
"1219",2018-05-03,26.3823330659722
"1220",2018-05-04,28.0321045243056
"1221",2018-05-05,36.4236083611111
"1222",2018-05-06,24.2612572604167
"1223",2018-05-07,11.8488727534722
"1224",2018-05-08,30.0724890659722
"1225",2018-05-09,19.3160582465278
"1226",2018-05-10,22.5806520798611
"1227",2018-05-11,24.4825060280702
"1228",2018-05-12,11.3253015381944
"1229",2018-05-13,4.75866865972222
"1230",2018-05-14,18.3109033461538
"1231",2018-05-15,19.5956919131944
"1232",2018-05-16,17.4592537304965
"1233",2018-05-17,10.1167991584507
"1234",2018-05-18,23.0582882752613
"1235",2018-05-19,7.97195567832168
"1236",2018-05-20,11.4791975365854
"1237",2018-05-21,16.5767566271777
"1238",2018-05-22,25.5634021453901
"1239",2018-05-23,26.3803653402778
"1240",2018-05-24,26.0620803190661
"1241",2018-05-25,24.193169
"1242",2018-05-26,10.8177616423611
"1243",2018-05-27,11.7941287222222
"1244",2018-05-28,39.2024159618056
"1245",2018-05-29,31.6637618125
"1246",2018-05-30,21.0707975121951
"1247",2018-05-31,16.5745623785714
"1248",2018-06-01,9.57543820486111
"1249",2018-06-02,31.2118272857143
"1250",2018-06-03,23.0858786493056
"1251",2018-06-04,43.4563081284722
"1252",2018-06-05,20.662107625
"1253",2018-06-06,19.7169746538462
"1254",2018-06-07,42.8300017118056
"1255",2018-06-08,20.4058832743056
"1256",2018-06-09,12.0622554965278
"1257",2018-06-10,24.1580436341463
"1258",2018-06-11,24.9840795486111
"1259",2018-06-12,25.375469569395
"1260",2018-06-13,25.1673344703833
"1261",2018-06-14,24.5143281358885
"1262",2018-06-15,33.8728095798611
"1263",2018-06-16,19.247469465035
"1264",2018-06-17,15.1259625625
"1265",2018-06-18,20.7266882222222
"1266",2018-06-19,22.2513745034722
"1267",2018-06-20,23.7403033125
"1268",2018-06-21,26.4846233854167
"1269",2018-06-22,32.1678688020833
"1270",2018-06-23,22.1882013854167
"1271",2018-06-24,18.7289234826389
"1272",2018-06-25,26.1423150520833
"1273",2018-06-26,23.2737998125
"1274",2018-06-27,24.4203204491228
"1275",2018-06-28,23.8719838923611
"1276",2018-06-29,30.16807884375
"1277",2018-06-30,23.5289529722222
"1278",2018-07-01,29.3955288402778
"1279",2018-07-02,29.9358524895833
"1280",2018-07-03,22.5846917361111
"1281",2018-07-04,21.7132641701389
"1282",2018-07-05,44.7513314895833
"1283",2018-07-06,47.9531668333333
"1284",2018-07-07,46.0448554945455
"1285",2018-07-08,31.0144869965278
"1286",2018-07-09,31.5040558641115
"1287",2018-07-10,38.8843265138889
"1288",2018-07-11,68.6830455052265
"1289",2018-07-12,43.9177691284722
"1290",2018-07-13,37.1482762385965
"1291",2018-07-14,29.7441569303136
"1292",2018-07-15,24.3172721964912
"1293",2018-07-16,28.3122776909722
"1294",2018-07-17,33.5228074305556
"1295",2018-07-18,55.5164423144876
"1296",2018-07-19,44.4074731921708
"1297",2018-07-20,53.8767275486111
"1298",2018-07-21,39.4433629444444
"1299",2018-07-22,29.4595664965278
"1300",2018-07-23,49.5124887256944
"1301",2018-07-24,135.686027333333
"1302",2018-07-25,59.6755242465278
"1303",2018-07-26,49.403019943662
"1304",2018-07-27,47.5277683993056
"1305",2018-07-28,33.5501406979167
"1306",2018-07-29,37.8675016006944
"1307",2018-07-30,70.1766937604167
"1308",2018-07-31,49.8044764618056
"1309",2018-08-01,55.9386098105263
"1310",2018-08-02,45.9068478530466
"1311",2018-08-03,49.0848415381944
"1312",2018-08-04,48.8268441736111
"1313",2018-08-05,42.1079502361111
"1314",2018-08-06,55.05546175
"1315",2018-08-07,82.5931223020833
"1316",2018-08-08,59.3775468781362
"1317",2018-08-09,131.192831100694
"1318",2018-08-10,59.5952654965278
"1319",2018-08-11,45.5297380487805
"1320",2018-08-12,67.2703950138889
"1321",2018-08-13,45.9355945277778
"1322",2018-08-14,40.616961394834
"1323",2018-08-15,46.0952090177305
"1324",2018-08-16,42.31198003125
"1325",2018-08-17,35.5586606979167
"1326",2018-08-18,33.1435060833333
"1327",2018-08-19,32.2508768055556
"1328",2018-08-20,30.1302801423611
"1329",2018-08-21,33.5544608159722
"1330",2018-08-22,34.70665084375
"1331",2018-08-23,26.5612427097902
"1332",2018-08-24,26.2888201805556
"1333",2018-08-25,31.7908548204225
"1334",2018-08-26,24.2398524027778
"1335",2018-08-27,29.30365775
"1336",2018-08-28,28.3430102777778
"1337",2018-08-29,33.4604881041667
"1338",2018-08-30,27.3159904930556
"1339",2018-08-31,22.8195764791667
"1340",2018-09-01,21.5998390034722
"1341",2018-09-02,25.5042459583333
"1342",2018-09-03,28.7332907152778
"1343",2018-09-04,30.3221642881944
"1344",2018-09-05,24.2176089097222
"1345",2018-09-06,26.0584162140351
"1346",2018-09-07,31.1138891102362
"1347",2018-09-08,27.3685233333333
"1348",2018-09-09,36.8981928919861
"1349",2018-09-10,30.6136777083333
"1350",2018-09-11,26.5647508125
"1351",2018-09-12,35.2218447673611
"1352",2018-09-13,66.9223386489362
"1353",2018-09-14,39.6110325798611
"1354",2018-09-15,45.3205332534722
"1355",2018-09-16,42.0360734201389
"1356",2018-09-17,36.6324919236111
"1357",2018-09-18,23.3665132291667
"1358",2018-09-19,27.8509136842105
"1359",2018-09-20,24.1171601145833
"1360",2018-09-21,28.7913450277778
"1361",2018-09-22,30.8787412986111
"1362",2018-09-23,23.8077669895833
"1363",2018-09-24,23.7258925138889
"1364",2018-09-25,26.4407964583333
"1365",2018-09-26,28.6953765451389
"1366",2018-09-27,32.4239867569444
"1367",2018-09-28,24.8566613576389
"1368",2018-09-29,41.4782480555556
"1369",2018-09-30,38.4272522569444
"1370",2018-10-01,48.7240333715278
"1371",2018-10-02,104.769266774306
"1372",2018-10-03,30.30053434375
"1373",2018-10-04,29.8827553333333
"1374",2018-10-05,25.6146103229167
"1375",2018-10-06,24.4169537430556
"1376",2018-10-07,23.6273854166667
"1377",2018-10-08,27.7912230416667
"1378",2018-10-09,26.3089532465278
"1379",2018-10-10,28.1176215298246
"1380",2018-10-11,31.3428606423611
"1381",2018-10-12,27.2590175694444
"1382",2018-10-13,27.9649596423611
"1383",2018-10-14,23.1105501006944
"1384",2018-10-15,26.3152392534722
"1385",2018-10-16,31.2353363958333
"1386",2018-10-17,29.4096375824561
"1387",2018-10-18,39.663863641115
"1388",2018-10-19,48.5834530277778
"1389",2018-10-20,31.1455796875
"1390",2018-10-21,34.7031121493056
"1391",2018-10-22,31.0948771909722
"1392",2018-10-23,34.4161504965278
"1393",2018-10-24,33.3394152862191
"1394",2018-10-25,35.70073165625
"1395",2018-10-26,30.7650541215278
"1396",2018-10-27,29.3759363784722
"1397",2018-10-28,26.2193232430556
"1398",2018-10-29,29.4084816701389
"1399",2018-10-30,36.4090093706294
"1400",2018-10-31,31.3318509305556
"1401",2018-11-01,33.1303021006944
"1402",2018-11-02,29.1247308506944
"1403",2018-11-03,26.4783424930556
"1404",2018-11-04,26.1062522847222
"1405",2018-11-05,24.45806021875
"1406",2018-11-06,33.6288149861111
"1407",2018-11-07,38.52899528125
"1408",2018-11-08,49.0128799583333
"1409",2018-11-09,38.7882999684211
"1410",2018-11-10,33.4367666736111
"1411",2018-11-11,38.4452763333333
"1412",2018-11-12,48.3509835173611
"1413",2018-11-13,48.7837714236111
"1414",2018-11-14,45.4861006597222
"1415",2018-11-15,55.4189088958333
"1416",2018-11-16,49.2121651805556
"1417",2018-11-17,46.6684684375
"1418",2018-11-18,50.67364990625
"1419",2018-11-19,77.9181510530035
"1420",2018-11-20,53.3417152361111
"1421",2018-11-21,50.6116313916084
"1422",2018-11-22,39.5521395173611
"1423",2018-11-23,42.7435390416667
"1424",2018-11-24,40.1570607881944
"1425",2018-11-25,55.9066820520833
"1426",2018-11-26,50.2844630451389
"1427",2018-11-27,51.40821709375
"1428",2018-11-28,55.9066523472222
"1429",2018-11-29,112.553542549645
"1430",2018-11-30,57.23588065625
"1431",2018-12-01,69.8613107167832
"1432",2018-12-02,60.5529224097222
"1433",2018-12-03,61.0401601944444
"1434",2018-12-04,52.9326008819444
"1435",2018-12-05,66.479991875
"1436",2018-12-06,96.7349334444445
"1437",2018-12-07,56.8285521875
"1438",2018-12-08,43.1029511944444
"1439",2018-12-09,49.2673291145833
"1440",2018-12-10,78.5290864722222
"1441",2018-12-11,48.9298924375
"1442",2018-12-12,36.0159475347222
"1443",2018-12-13,33.4357680347222
"1444",2018-12-14,64.6059007708333
"1445",2018-12-15,35.1142040381944
"1446",2018-12-16,42.4345099027778
"1447",2018-12-17,44.5188244734982
"1448",2018-12-18,36.46599065625
"1449",2018-12-19,39.1562679964912
"1450",2018-12-20,34.4877926284722
"1451",2018-12-21,32.5988255173611
"1452",2018-12-22,33.7046356076389
"1453",2018-12-23,34.1964567986111
"1454",2018-12-24,27.8929062048611
"1455",2018-12-25,26.332009
"1456",2018-12-26,32.8571866875
"1457",2018-12-27,35.7673830385965
"1458",2018-12-28,36.0325471354167
"1459",2018-12-29,31.2339631006944
"1460",2018-12-30,28.8546761597222
"1461",2018-12-31,34.5662852916667
